Input file name,Solution cost,Time spent
cap101.txt,882699,0.045765
cap102.txt,868136,0.056867
cap103.txt,939244,0.062812
cap104.txt,967048,0.072838
cap131.txt,882699,0.198047
cap132.txt,908878,0.195088
cap133.txt,939244,0.185434
cap134.txt,967048,0.200695
cap71.txt,1.00427e+06,0.026258
cap72.txt,1.02927e+06,0.028243
cap73.txt,1.03404e+06,0.032903
cap74.txt,1.05603e+06,0.033214
