Input file name,Solution cost,Time spent
ga250a-1,258119.00000,4.20251
ga250a-2,257641.00000,4.11516
ga250a-3,258230.00000,3.86063
ga250a-4,258199.00000,3.56023
ga250a-5,258409.00000,3.84509
