Input file name,Solution cost,Time spent,Optimal
ga250a-1,257971.00000,45.68790,0
ga250a-2,257533.00000,43.71256,0
ga250a-3,257997.00000,73.45487,0
ga250a-4,257987.00000,50.77466,0
ga250a-5,258202.00000,56.72335,0
