Input file name,Solution cost,Time spent,Optimal
ga250a-1,257971.00000,45.35557,0
ga250a-2,257533.00000,46.55136,0
ga250a-3,257997.00000,74.41506,0
ga250a-4,257987.00000,51.47520,0
ga250a-5,258202.00000,57.83856,0
