Input file name,Solution cost,Time spent,Optimal
ga250a-1,257985.00000,88.10274,0
ga250a-2,257502.00000,68.84746,0
ga250a-3,257985.00000,116.09705,0
ga250a-4,258035.00000,103.56826,0
ga250a-5,258226.00000,97.04758,0
