Input file name,Solution cost,Time spent,Optimal
flp500x1000.txt,187393.69642857133,24.408862113952637,1
flp1000x6000.txt,479339.1585875293,337.4905331134796,1
