Input file name,Solution cost,Time spent,Optimal
ga500b-3,538945.0,919.3696479797363,0
ga500b-4,539381.0,911.516117811203,0
ga500b-5,538343.0,911.3581759929657,0
ga500c-1,626327.0,911.4758379459381,0
