Input file name,Solution cost,Time spent,Optimal
ga500a-1,511635.0,910.7357459068298,0
ga500a-2,511533.0,910.2854001522064,0
ga500a-3,510959.0,911.5818569660187,0
ga500a-4,511169.0,911.3394179344177,0
ga500a-5,511769.0,911.5654590129852,0
ga500b-1,539108.0,911.6348080635071,0
ga500b-2,538454.0,911.5648410320282,0
