Input file name,Solution cost,Time spent,Optimal
ga250a-1,257971.00000,51.65123,0
ga250a-2,257502.00000,42.73099,0
ga250a-3,258001.00000,57.51574,0
ga250a-4,257987.00000,31.90432,0
ga250a-5,258190.00000,46.62614,0
ga500b-1,538060.00000,97.80715,0
gs750c-1,900454.00000,578.96815,0
