Input file name,Solution cost,Time spent,Optimal
ga250a-1,257971.00000,26.47314,0
ga250a-2,257502.00000,34.32623,0
ga250a-3,257953.00000,36.78324,0
ga250a-4,257987.00000,57.29874,0
ga250a-5,258204.00000,18.91435,0
ga500b-1,538060.00000,122.41359,0
gs750c-1,900363.00000,932.46470,0
