Input file name,Solution cost,Time spent,Optimal
ga250a-1,257971.00000,9.80048,0
ga250a-2,257502.00000,8.31129,0
ga250a-3,257966.00000,11.40462,0
ga250a-4,258044.00000,8.65370,0
ga250a-5,258204.00000,6.33942,0
ga500b-1,538060.00000,35.59483,0
gs750c-1,900454.00000,152.92910,0
