Input file name,Solution cost,Time spent,Optimal
ga250a-1,257957.00000,32.04712,0
ga250a-2,257502.00000,20.52958,0
ga250a-3,257953.00000,16.89915,0
ga250a-4,257987.00000,23.86001,0
ga250a-5,258190.00000,15.66146,0
ga500b-1,538060.00000,67.10679,0
gs750c-1,900363.00000,378.69099,0
