Input file name,Solution cost,Time spent,Optimal
ga250a-1,257957.00000,20.79953,0
ga250a-2,257502.00000,20.37553,0
ga250a-3,257953.00000,27.21113,0
ga250a-4,257987.00000,17.23248,0
ga250a-5,258190.00000,19.91194,0
ga500b-1,538060.00000,81.46252,0
gs750c-1,900363.00000,433.31565,0
