Input file name,Solution cost,Time spent,Optimal
ga250a-1,257983.00000,5.65490,0
ga250a-2,257583.00000,5.71772,0
ga250a-3,258120.00000,5.29640,0
ga250a-4,258098.00000,5.94199,0
ga250a-5,258204.00000,5.24226,0
ga500b-1,538060.00000,44.99957,0
gs750c-1,900454.00000,124.17572,0
