Input file name,Solution cost,Time spent,Optimal
cap71.txt,932615.75000,0.68429,0
cap72.txt,977799.40000,0.78327,0
cap73.txt,1010641.45000,0.49340,0
cap74.txt,1034976.97500,0.54300,0
cap101.txt,796648.43750,1.15224,0
cap102.txt,854704.20000,1.08743,0
cap103.txt,893782.11250,0.64603,0
cap104.txt,928941.75000,0.97372,0
cap131.txt,793439.56250,2.00034,0
cap132.txt,851495.32500,1.94659,0
cap133.txt,893076.71250,2.07652,0
cap134.txt,928941.75000,3.79997,0
