Input file name,Solution cost,Time spent,Optimal
ga250a-1,257957.00000,66.57788,0
ga250a-2,257502.00000,50.41796,0
ga250a-3,257976.00000,45.52293,0
ga250a-4,257987.00000,45.94105,0
ga250a-5,258199.00000,55.05377,0
ga500b-1,538060.00000,148.99236,0
gs750c-1,900454.00000,743.92859,0
