Input file name,Solution cost,Time spent,Optimal
ga250a-1,257971.00000,15.24850,0
ga250a-2,257560.00000,10.96488,0
ga250a-3,257990.00000,15.38069,0
ga250a-4,257987.00000,12.31701,0
ga250a-5,258195.00000,9.04714,0
ga500b-1,538060.00000,66.41600,0
gs750c-1,900454.00000,228.90091,0
