Input file name,Solution cost,Time spent,Optimal
ga250a-1,257991.00000,9.56068,0
ga250a-2,257502.00000,11.74880,0
ga250a-3,258022.00000,11.03090,0
ga250a-4,257987.00000,10.89472,0
ga250a-5,258204.00000,7.28689,0
ga500b-1,538060.00000,48.09704,0
gs750c-1,900454.00000,172.07533,0
