Input file name,Solution cost,Time spent,Optimal
ga250a-1,257957.00000,70.85066,0
ga250a-2,257502.00000,71.68435,0
ga250a-3,257953.00000,81.10526,0
ga250a-4,257987.00000,67.85860,0
ga250a-5,258190.00000,80.64517,0
ga500b-1,538060.00000,280.32570,0
gs750c-1,900363.00000,1324.66797,0
