Input file name,Solution cost,Time spent,Optimal
ga250a-1,258011.00000,5.37697,0
ga250a-2,257580.00000,5.34225,0
ga250a-3,258120.00000,5.19614,0
ga250a-4,258098.00000,5.34206,0
ga250a-5,258204.00000,5.21125,0
ga500b-1,538060.00000,25.20356,0
gs750c-1,900836.00000,98.11423,0
