Input file name,Solution cost,Time spent,Optimal
cap71.txt,932615.75000,0.68802,0
cap72.txt,977799.40000,0.81948,0
cap73.txt,1010641.45000,1.01609,0
cap74.txt,1034976.97500,1.26276,0
cap101.txt,796648.43750,1.04718,0
cap102.txt,854704.20000,1.49350,0
cap103.txt,893782.11250,0.95341,0
cap104.txt,928941.75000,1.64735,0
cap131.txt,793439.56250,1.74218,0
cap132.txt,851495.32500,1.79145,0
cap133.txt,893076.71250,2.27769,0
cap134.txt,928941.75000,7.16624,0
