Input file name,Solution cost,Time spent,Optimal
ga250a-1,258011.00000,6.44750,0
ga250a-2,257580.00000,6.75536,0
ga250a-3,258120.00000,6.57272,0
ga250a-4,258108.00000,6.14588,0
ga250a-5,258204.00000,6.29093,0
ga500b-1,538060.00000,30.68329,0
gs750c-1,900836.00000,86.96800,0
