Input file name,Solution cost,Time spent,Optimal
ga250a-1,257985.00000,8.91884,0
ga250a-2,257502.00000,9.86032,0
ga250a-3,257984.00000,13.10729,0
ga250a-4,257987.00000,8.48838,0
ga250a-5,258204.00000,6.23610,0
ga500b-1,538060.00000,35.07972,0
gs750c-1,900363.00000,162.43314,0
