Input file name,Solution cost,Time spent,Optimal
ga250a-1,257957.00000,51.06197,0
ga250a-2,257502.00000,33.09543,0
ga250a-3,257966.00000,52.17342,0
ga250a-4,258005.00000,61.54651,0
ga250a-5,258204.00000,15.16912,0
ga500b-1,538060.00000,117.60361,0
gs750c-1,900363.00000,948.50652,0
