Input file name,Solution cost,Time spent,Optimal
ga250a-1,257957.00000,49.56888,0
ga250a-2,257502.00000,38.70881,0
ga250a-3,257966.00000,40.54342,0
ga250a-4,257987.00000,36.14573,0
ga250a-5,258199.00000,39.21279,0
ga500b-1,538060.00000,117.80470,0
gs750c-1,900363.00000,792.16512,0
