Input file name,Solution cost,Time spent,Optimal
ga250a-1,257971.00000,16.00004,0
ga250a-2,257502.00000,17.13540,0
ga250a-3,257953.00000,25.93022,0
ga250a-4,258005.00000,22.67180,0
ga250a-5,258199.00000,14.78520,0
ga500b-1,538060.00000,76.63850,0
gs750c-1,900363.00000,370.04330,0
