Input file name,Solution cost,Time spent,Optimal
ga250a-1,257957.00000,70.60363,0
ga250a-2,257502.00000,71.61185,0
ga250a-3,257953.00000,64.79658,0
ga250a-4,257987.00000,68.57916,0
ga250a-5,258190.00000,72.44221,0
ga500b-1,538060.00000,281.62366,0
gs750c-1,900363.00000,1443.77242,0
