Input file name,Solution cost,Time spent,Optimal
ga250a-1,257971.00000,23.78391,0
ga250a-2,257502.00000,35.93845,0
ga250a-3,258057.00000,16.38533,0
ga250a-4,257987.00000,25.87852,0
ga250a-5,258201.00000,17.21732,0
ga500b-1,538060.00000,155.51465,0
gs750c-1,900363.00000,1443.84459,0
