Input file name,Solution cost,Time spent,Optimal
ga250a-1,257957.00000,20.81570,0
ga250a-2,257502.00000,20.69278,0
ga250a-3,257953.00000,25.48459,0
ga250a-4,257987.00000,19.62257,0
ga250a-5,258195.00000,25.12339,0
ga500b-1,538060.00000,77.68727,0
gs750c-1,900363.00000,551.81454,0
