Input file name,Solution cost,Time spent,Optimal
ga250a-1,257957.00000,71.10052,0
ga250a-2,257502.00000,73.52755,0
ga250a-3,257953.00000,69.10340,0
ga250a-4,257987.00000,80.85865,0
ga250a-5,258190.00000,56.74427,0
ga500b-1,538060.00000,279.83169,0
gs750c-1,900363.00000,1269.05194,0
