Input file name,Solution cost,Time spent,Optimal
ga250a-1,257957.00000,71.33901,0
ga250a-2,257502.00000,72.50905,0
ga250a-3,257953.00000,62.14954,0
ga250a-4,257987.00000,73.13182,0
ga250a-5,258190.00000,73.76892,0
ga500b-1,538060.00000,287.69509,0
gs750c-1,900363.00000,1343.89144,0
