Input file name,Solution cost,Time spent
cap101.txt,798591,0.12996
cap102.txt,858109,0.092867
cap103.txt,902413,0.091212
cap104.txt,932527,0.038928
cap131.txt,795382,0.118289
cap132.txt,854900,0.081806
cap133.txt,901482,0.076675
cap134.txt,932527,0.074466
cap71.txt,932616,0.024962
cap72.txt,981539,0.101186
cap73.txt,1.01551e+06,0.079836
cap74.txt,1.04264e+06,0.075702
