Input file name,Solution cost,Time spent
cap101.txt,798591,0.086509
cap102.txt,858109,0.081391
cap103.txt,902413,0.098752
cap104.txt,932527,0.039488
cap131.txt,795382,0.133342
cap132.txt,854900,0.079244
cap133.txt,901482,0.076516
cap134.txt,932527,0.118413
cap71.txt,932616,0.026755
cap72.txt,981539,0.02713
cap73.txt,1.01551e+06,0.1403
cap74.txt,1.04264e+06,0.081556
