Input file name,Solution cost,Time spent,Optimal
ga250a-1,257975.00000,24.75738,0
ga250a-2,257571.00000,34.37349,0
ga250a-3,258075.00000,27.98737,0
ga250a-4,258005.00000,25.93411,0
ga250a-5,258204.00000,11.84571,0
ga500b-1,538060.00000,133.58590,0
gs750c-1,900363.00000,789.25065,0
