Input file name,Solution cost,Time spent,Optimal
ga250a-1,257957.00000,70.68715,0
ga250a-2,257502.00000,71.11336,0
ga250a-3,257953.00000,61.39907,0
ga250a-4,257987.00000,71.63714,0
ga250a-5,258190.00000,60.60232,0
ga500b-1,538060.00000,297.90517,0
gs750c-1,900363.00000,1872.01493,0
