Input file name,Solution cost,Time spent,Optimal
ga250a-1,257957.00000,62.68760,0
ga250a-2,257502.00000,70.10949,0
ga250a-3,257953.00000,76.83129,0
ga250a-4,257987.00000,65.12492,0
ga250a-5,258190.00000,67.38983,0
ga500b-1,538060.00000,285.28119,0
gs750c-1,900363.00000,1263.13811,0
