Input file name,Solution cost,Time spent,Optimal
ga250a-1,257957.00000,70.07807,0
ga250a-2,257502.00000,71.90096,0
ga250a-3,257953.00000,93.00577,0
ga250a-4,257987.00000,85.17191,0
ga250a-5,258190.00000,78.34987,0
ga500b-1,538060.00000,292.55503,0
gs750c-1,900363.00000,1522.94390,0
