Input file name,Solution cost,Time spent,Optimal
capa.txt,17156454.47830,1182.51311,0
capb.txt,12979071.58143,1134.04514,0
capc.txt,11505594.32878,1045.55388,0
