Input file name,Solution cost,Time spent,Optimal
ga250a-1,257971.00000,38.31192,0
ga250a-2,257506.00000,45.94736,0
ga250a-3,257988.00000,68.23531,0
ga250a-4,257987.00000,28.84881,0
ga250a-5,258204.00000,15.49073,0
ga500b-1,538060.00000,98.08120,0
gs750c-1,900454.00000,539.21451,0
