Input file name,Solution cost,Time spent,Optimal
ga250a-1,257971.00000,22.29555,0
ga250a-2,257502.00000,35.87189,0
ga250a-3,257987.00000,20.79724,0
ga250a-4,258005.00000,24.34254,0
ga250a-5,258204.00000,10.72152,0
ga500b-1,538060.00000,152.00073,0
gs750c-1,900454.00000,763.37017,0
