Input file name,Solution cost,Time spent,Optimal
ga250a-1,257957.00000,72.77617,0
ga250a-2,257502.00000,73.52758,0
ga250a-3,257953.00000,72.68346,0
ga250a-4,257987.00000,73.60876,0
ga250a-5,258190.00000,57.50255,0
ga500b-1,538060.00000,297.18574,0
gs750c-1,900363.00000,1505.21913,0
