Input file name,Solution cost,Time spent,Optimal
ga250a-1,257975.00000,20.07342,0
ga250a-2,257583.00000,18.02439,0
ga250a-3,257992.00000,44.72279,0
ga250a-4,258008.00000,59.81006,0
ga250a-5,258204.00000,13.93627,0
ga500b-1,538060.00000,139.65546,0
gs750c-1,900363.00000,860.13406,0
