Input file name,Solution cost,Time spent,Optimal
ga250a-1,257957.00000,92.18385,0
ga250a-2,257502.00000,52.89083,0
ga250a-3,257988.00000,41.17504,0
ga250a-4,257987.00000,1084.14448,0
ga250a-5,258201.00000,1524.27235,0
ga500b-1,538060.00000,157.95941,0
gs750c-1,900454.00000,775.03547,0
