Input file name,Solution cost,Time spent,Optimal
ga250a-1,257983.00000,6.69562,0
ga250a-2,257557.00000,5.98669,0
ga250a-3,258120.00000,6.25967,0
ga250a-4,258099.00000,6.29989,0
ga250a-5,258204.00000,6.54343,0
ga500b-1,538060.00000,39.53926,0
gs750c-1,900363.00000,149.57460,0
