Input file name,Solution cost,Time spent,Optimal
ga250a-1,258011.00000,61.87760,0
ga250a-2,257545.00000,183.35430,0
ga250a-3,257988.00000,122.44191,0
ga250a-4,258008.00000,114.81798,0
ga250a-5,258204.00000,60.80103,0
ga500b-1,538060.00000,171.34062,0
gs750c-1,900454.00000,931.90163,0
