Input file name,Solution cost,Time spent,Optimal
ga250a-1,258011.00000,11.93527,0
ga250a-2,257533.00000,29.19541,0
ga250a-3,257998.00000,34.77388,0
ga250a-4,258108.00000,13.75317,0
ga250a-5,258204.00000,8.75121,0
ga500b-1,538060.00000,115.72098,0
gs750c-1,900454.00000,603.95453,0
