Input file name,Solution cost,Time spent,Optimal
ga250a-1,257983.00000,17.32589,0
ga250a-2,257533.00000,31.46302,0
ga250a-3,258120.00000,14.19215,0
ga250a-4,258005.00000,16.05523,0
ga250a-5,258204.00000,8.75519,0
ga500b-1,538060.00000,94.52550,0
gs750c-1,900454.00000,777.07853,0
