Input file name,Solution cost,Time spent,Optimal
ga250a-1,257971.00000,38.35237,0
ga250a-2,257502.00000,46.57379,0
ga250a-3,258024.00000,42.30576,0
ga250a-4,258008.00000,32.74313,0
ga250a-5,258204.00000,17.49031,0
ga500b-1,538060.00000,94.29358,0
gs750c-1,900454.00000,647.70563,0
