Input file name,Solution cost,Time spent,Optimal
ga250a-1,257957.00000,34.63298,0
ga250a-2,257502.00000,33.61322,0
ga250a-3,257953.00000,23.75295,0
ga250a-4,257987.00000,25.41439,0
ga250a-5,258195.00000,38.06190,0
ga500b-1,538060.00000,134.35203,0
gs750c-1,900363.00000,705.94758,0
