Input file name,Solution cost,Time spent,Optimal
ga250a-1,257971.00000,146.75935,0
ga250a-2,257583.00000,60.08510,0
ga250a-3,258048.00000,176.17447,0
ga250a-4,257987.00000,133.87476,0
ga250a-5,258204.00000,59.14255,0
ga500b-1,538060.00000,171.22493,0
gs750c-1,900454.00000,961.54736,0
