Input file name,Solution cost,Time spent,Optimal
capa.txt,17156454.47830,945.58540,0
capb.txt,12979071.58143,357.70507,0
capc.txt,11505594.32878,718.88545,0
