Input file name,Solution cost,Time spent,Optimal
ga250a-1,257957.00000,36.85705,0
ga250a-2,257502.00000,32.70652,0
ga250a-3,257953.00000,24.82797,0
ga250a-4,257987.00000,34.91243,0
ga250a-5,258190.00000,46.61344,0
ga500b-1,538060.00000,119.57654,0
gs750c-1,900363.00000,847.41114,0
