Input file name,Solution cost,Time spent,Optimal
ga250a-1__bf-0_a1-1_idle-0.02_lh-1,258023.00000,0.28054,0
ga250a-1__bf-0_a1-1_idle-0.02_lh-10,258023.00000,1.45086,0
ga250a-1__bf-0_a1-1_idle-0.02_lh-1000,258023.00000,2.50180,0
ga250a-1__bf-0_a1-1_idle-0.02_lh-10000,258023.00000,2.46612,0
ga250a-1__bf-1_a1-1_idle-0.02_lh-1,258023.00000,0.28427,0
ga250a-1__bf-1_a1-1_idle-0.02_lh-10,258010.00000,2.62184,0
ga250a-1__bf-1_a1-1_idle-0.02_lh-1000,258010.00000,195.24694,0
ga250a-1__bf-1_a1-1_idle-0.02_lh-10000,258010.00000,1988.82989,0
