Input file name,Solution cost,Time spent,Optimal
ga250a-1,258040.00000,31.37242,1
ga250a-2,257583.00000,11.76668,1
ga250a-3,258137.00000,17.24591,1
ga250a-4,258108.00000,13.29582,1
ga250a-5,258243.00000,22.74189,1
