Input file name,Solution cost,Time spent,Optimal
ga250a-1,258023.00000,0.05378,1
ga250a-2,257596.00000,0.04737,1
ga250a-3,258141.00000,0.08803,1
ga250a-4,258117.00000,0.07158,1
ga250a-5,258399.00000,0.06640,1
