Input file name,Solution cost,Time spent,Optimal
ga250a-1,258011.00000,18.73287,1
ga250a-2,257583.00000,13.35240,1
ga250a-3,258120.00000,19.83858,1
ga250a-4,258108.00000,17.79908,1
ga250a-5,258204.00000,14.44478,1
